id,model_type,num_network_params,elem_prop,mat_prop,epochs,fit_time,mae_train,mse_train,r2_train,mae_val,mse_val,r2_val,rng_seed
2020-02-17-221320.920985-seed9-DenseNet-element-agl_log10_thermal_expansion_300K,DenseNet,71937,element,agl_log10_thermal_expansion_300K,1001,200.10700154304504,0.03770778445657426,0.003585725076907011,0.9302306987393054,0.04355412338461195,0.0048520069669616,0.9037003884920969,9
