estimator,mean_train_r2,std_train_r2,mean_test_r2,std_test_r2,mean_train_neg_MAE,std_train_neg_MAE,mean_test_neg_MAE,std_test_neg_MAE,mean_train_neg_RMSE,std_train_neg_RMSE,mean_test_neg_RMSE,std_test_neg_RMSE,params,mean_fit_time,mean_score_time,elem_prop,mat_prop
RandomForestRegressor,0.8935504837562336,0.006727058720607596,0.5348774904069069,0.013481477856038654,-8.433100597121104,0.29347845181301874,-19.064540880176278,0.5757717326322376,-14.049948989452202,0.5857223517905129,-29.364429270236474,0.9605925165563598,"{'max_features': 0.25, 'n_estimators': 512}",32.7759006023407,0.06482648849487305,mat2vec,mp_shear_modulus
