estimator,mean_train_r2,std_train_r2,mean_test_r2,std_test_r2,mean_train_neg_MAE,std_train_neg_MAE,mean_test_neg_MAE,std_test_neg_MAE,mean_train_neg_RMSE,std_train_neg_RMSE,mean_test_neg_RMSE,std_test_neg_RMSE,params,mean_fit_time,mean_score_time,elem_prop,mat_prop
RandomForestRegressor,0.9463612834221694,0.011102677983956125,0.6450399565786918,0.06565739976111067,-59.5361712673863,1.1912937888870254,-159.2951586563894,12.97661459717904,-109.68839712170144,4.917690116279129,-281.14459637502523,40.61054562897928,"{'max_features': 0.33, 'n_estimators': 64}",2.116015354792277,0.008643786112467447,mat2vec,phonons
