estimator,mean_train_r2,std_train_r2,mean_test_r2,std_test_r2,mean_train_neg_MAE,std_train_neg_MAE,mean_test_neg_MAE,std_test_neg_MAE,mean_train_neg_RMSE,std_train_neg_RMSE,mean_test_neg_RMSE,std_test_neg_RMSE,params,mean_fit_time,mean_score_time,elem_prop,mat_prop
RandomForestRegressor,0.8835058229395332,0.02114799843733478,0.028891924047149797,0.042152989473782765,-23.669595411311874,3.53299214164039,-67.54405512498556,0.7611032489172445,-51.40341069681263,11.629353534570647,-146.70668568860907,17.045817473931947,"{'max_depth': None, 'n_estimators': 500}",2.5504356622695923,0.029420852661132812,magpie,jdft2d
