estimator,mean_train_r2,std_train_r2,mean_test_r2,std_test_r2,mean_train_neg_MAE,std_train_neg_MAE,mean_test_neg_MAE,std_test_neg_MAE,mean_train_neg_RMSE,std_train_neg_RMSE,mean_test_neg_RMSE,std_test_neg_RMSE,params,mean_fit_time,mean_score_time,elem_prop,mat_prop
RandomForestRegressor,0.939141509870732,0.005055260834944009,0.5604476443948687,0.02828027619248724,-0.1184703300000002,0.00020296999999997595,-0.3233661499999999,7.494999999993479e-05,-0.1680683411847118,0.0018527261047799476,-0.45196643272932924,0.0007272868241895158,"{'max_depth': None, 'n_estimators': 500}",8.64344573020935,0.06982672214508057,magpie,castelli
