estimator,mean_train_r2,std_train_r2,mean_test_r2,std_test_r2,mean_train_neg_MAE,std_train_neg_MAE,mean_test_neg_MAE,std_test_neg_MAE,mean_train_neg_RMSE,std_train_neg_RMSE,mean_test_neg_RMSE,std_test_neg_RMSE,params,mean_fit_time,mean_score_time,elem_prop,mat_prop
RandomForestRegressor,0.9506326556582538,0.0009356684787666381,0.6297202326398625,0.004059912127041931,-0.069497,0.0018589999999999926,-0.19226100000000002,0.0035510000000000125,-0.11103503933785208,0.0010168772008667046,-0.3041015895629137,0.0015701035982293443,"{'max_depth': None, 'n_estimators': 500}",7.935291171073914,0.042870402336120605,magpie,expt_is_metal
