estimator,mean_train_r2,std_train_r2,mean_test_r2,std_test_r2,mean_train_neg_MAE,std_train_neg_MAE,mean_test_neg_MAE,std_test_neg_MAE,mean_train_neg_RMSE,std_train_neg_RMSE,mean_test_neg_RMSE,std_test_neg_RMSE,params,mean_fit_time,mean_score_time,elem_prop,mat_prop
RandomForestRegressor,0.8747381749618026,0.0020499346561763335,0.1363589890163461,0.06784679554370604,-0.07278603055753248,0.003129743567524857,-0.18736730858424186,0.012298509852843526,-0.1588837483737707,0.006570458018652827,-0.41633016341456397,0.03755229363684177,"{'max_features': 0.1, 'n_estimators': 512}",46.248126109441124,0.0811164379119873,mat2vec,mp_e_hull
