estimator,mean_train_r2,std_train_r2,mean_test_r2,std_test_r2,mean_train_neg_MAE,std_train_neg_MAE,mean_test_neg_MAE,std_test_neg_MAE,mean_train_neg_RMSE,std_train_neg_RMSE,mean_test_neg_RMSE,std_test_neg_RMSE,params,mean_fit_time,mean_score_time,elem_prop,mat_prop
RandomForestRegressor,0.899160520901963,0.004024629149072027,0.2873495051521183,0.022554182509570957,-0.059793678768092474,0.006298124864841353,-0.16140099784215742,0.017506806638849463,-0.18152942490047266,0.014119774827483566,-0.4792735050126327,0.06490157136485523,"{'max_features': 0.1, 'n_estimators': 64}",2.916921695073446,0.008976459503173828,mat2vec,OQMD_Bandgap
