estimator,mean_train_r2,std_train_r2,mean_test_r2,std_test_r2,mean_train_neg_MAE,std_train_neg_MAE,mean_test_neg_MAE,std_test_neg_MAE,mean_train_neg_RMSE,std_train_neg_RMSE,mean_test_neg_RMSE,std_test_neg_RMSE,params,mean_fit_time,mean_score_time,elem_prop,mat_prop
RandomForestRegressor,0.97936386334384,0.0005878562574957447,0.8535504195769945,0.011268309048265535,-0.1723296300659984,0.005498192697999199,-0.46252672797199945,0.01259020598399968,-0.24891238913946892,0.003703452390305312,-0.6626817483304076,0.025950749659316097,"{'max_depth': None, 'n_estimators': 500}",10.498652338981628,0.06784546375274658,magpie,aflow__energy_atom
