estimator,mean_train_r2,std_train_r2,mean_test_r2,std_test_r2,mean_train_neg_MAE,std_train_neg_MAE,mean_test_neg_MAE,std_test_neg_MAE,mean_train_neg_RMSE,std_train_neg_RMSE,mean_test_neg_RMSE,std_test_neg_RMSE,params,mean_fit_time,mean_score_time,elem_prop,mat_prop
RandomForestRegressor,0.9682054041156706,0.0022938221727132296,0.7889965163191052,0.021882265368531464,-0.14024653223567674,0.00673366514625916,-0.3625916535836922,0.02293369606363733,-0.2077237443230101,0.009173602709766523,-0.5344679153579723,0.03590556728736208,"{'max_features': 0.33, 'n_estimators': 256}",20.862697919209797,0.037233988444010414,mat2vec,mp_e_form
