estimator,mean_train_r2,std_train_r2,mean_test_r2,std_test_r2,mean_train_neg_MAE,std_train_neg_MAE,mean_test_neg_MAE,std_test_neg_MAE,mean_train_neg_RMSE,std_train_neg_RMSE,mean_test_neg_RMSE,std_test_neg_RMSE,params,mean_fit_time,mean_score_time,elem_prop,mat_prop
RandomForestRegressor,0.8862218143281263,0.0013649502498129687,0.48672323327356154,0.0062943865064186075,-0.11349316120452753,0.0007262632610828154,-0.26977122211787247,0.000985769173254175,-0.1678737208637954,0.0011531986543245232,-0.35645466953381355,0.0029696571369693787,"{'max_features': 0.33, 'n_estimators': 64}",5.542174577713013,0.009308576583862305,mat2vec,mp_is_metal
