estimator,mean_train_r2,std_train_r2,mean_test_r2,std_test_r2,mean_train_neg_MAE,std_train_neg_MAE,mean_test_neg_MAE,std_test_neg_MAE,mean_train_neg_RMSE,std_train_neg_RMSE,mean_test_neg_RMSE,std_test_neg_RMSE,params,mean_fit_time,mean_score_time,elem_prop,mat_prop
RandomForestRegressor,0.9618889880035507,0.0005684296367249444,0.7257728129776955,0.005982750280522982,-0.2988302153475399,0.0014022619927149664,-0.8033923303272744,0.033051661546510014,-0.3852001394053876,0.0029117460094025497,-1.0331869920732357,0.0400818145079949,"{'max_features': 0.33, 'n_estimators': 512}",37.19797325134277,0.06515765190124512,mat2vec,OQMD_Energy_per_atom
