estimator,mean_train_r2,std_train_r2,mean_test_r2,std_test_r2,mean_train_neg_MAE,std_train_neg_MAE,mean_test_neg_MAE,std_test_neg_MAE,mean_train_neg_RMSE,std_train_neg_RMSE,mean_test_neg_RMSE,std_test_neg_RMSE,params,mean_fit_time,mean_score_time,elem_prop,mat_prop
RandomForestRegressor,0.9477839425199404,0.000399260719674166,0.5813292840428497,0.005649679192197221,-0.24595289578084606,0.0030114056362306324,-0.6822333298062468,0.016576638576503766,-0.36615802121646285,0.00607845097513493,-1.0368413791098683,0.020243295105343728,"{'max_depth': None, 'n_estimators': 500}",10.26058053970337,0.05884277820587158,magpie,mp_gap
