estimator,mean_train_r2,std_train_r2,mean_test_r2,std_test_r2,mean_train_neg_MAE,std_train_neg_MAE,mean_test_neg_MAE,std_test_neg_MAE,mean_train_neg_RMSE,std_train_neg_RMSE,mean_test_neg_RMSE,std_test_neg_RMSE,params,mean_fit_time,mean_score_time,elem_prop,mat_prop
RandomForestRegressor,0.8666057344478406,0.02103026801696206,0.08060874698686821,0.06562912131711823,-0.05987636162423486,0.002324469638607416,-0.1537060898919531,0.006731962124476867,-0.13678302081342658,0.003048247826367423,-0.3608974975042729,0.007739735854895985,"{'max_depth': None, 'n_estimators': 500}",17.510443925857544,0.07258188724517822,magpie,mp_e_hull
