estimator,mean_train_r2,std_train_r2,mean_test_r2,std_test_r2,mean_train_neg_MAE,std_train_neg_MAE,mean_test_neg_MAE,std_test_neg_MAE,mean_train_neg_RMSE,std_train_neg_RMSE,mean_test_neg_RMSE,std_test_neg_RMSE,params,mean_fit_time,mean_score_time,elem_prop,mat_prop
RandomForestRegressor,0.9304037688034184,0.013868034456102185,0.513841268070429,0.03583777459039994,-0.04455569699999999,0.007821625000000002,-0.11289015000000002,0.008647278000000015,-0.1724589279293811,0.016562729068805182,-0.457934419351554,0.014775892083498221,"{'max_depth': None, 'n_estimators': 500}",6.663230776786804,0.032413482666015625,magpie,OQMD_Bandgap
