estimator,mean_train_r2,std_train_r2,mean_test_r2,std_test_r2,mean_train_neg_MAE,std_train_neg_MAE,mean_test_neg_MAE,std_test_neg_MAE,mean_train_neg_RMSE,std_train_neg_RMSE,mean_test_neg_RMSE,std_test_neg_RMSE,params,mean_fit_time,mean_score_time,elem_prop,mat_prop
RandomForestRegressor,0.9626528681810639,0.0029413057530133235,0.7320747880971019,0.011421801440634705,-0.2023022435000001,0.006969522399999789,-0.5483575871833335,0.0036779984499998863,-0.33988740873365003,0.023162904374514126,-0.9103863702749729,0.045593217393559926,"{'max_depth': None, 'n_estimators': 500}",10.418367981910706,0.054865360260009766,magpie,aflow__Egap
