estimator,mean_train_r2,std_train_r2,mean_test_r2,std_test_r2,mean_train_neg_MAE,std_train_neg_MAE,mean_test_neg_MAE,std_test_neg_MAE,mean_train_neg_RMSE,std_train_neg_RMSE,mean_test_neg_RMSE,std_test_neg_RMSE,params,mean_fit_time,mean_score_time,elem_prop,mat_prop
RandomForestRegressor,0.4443883150490502,0.016081928534896317,0.2577959050220335,0.025864878874094596,-0.24312374244787227,0.006652515559758001,-0.2869053064952418,0.000782547744796261,-0.3439261626581531,0.004633730374782186,-0.397473844385881,0.0062243908105072045,"{'max_features': 0.33, 'n_estimators': 128}",5.700649658838908,0.02061176300048828,mat2vec,glass
