estimator,mean_train_r2,std_train_r2,mean_test_r2,std_test_r2,mean_train_neg_MAE,std_train_neg_MAE,mean_test_neg_MAE,std_test_neg_MAE,mean_train_neg_RMSE,std_train_neg_RMSE,mean_test_neg_RMSE,std_test_neg_RMSE,params,mean_fit_time,mean_score_time,elem_prop,mat_prop
RandomForestRegressor,0.9169252975234193,0.004988996820276468,0.45625141850469714,0.025861520083078023,-0.27174513527504107,0.004374325935923143,-0.6994531553628541,0.01321343197655393,-0.43920722888342684,0.01615872174005926,-1.123998360315267,0.081823277869429,"{'max_features': 0.33, 'n_estimators': 512}",54.343066294988,0.055850823720296226,mat2vec,expt_gap
