estimator,mean_train_r2,std_train_r2,mean_test_r2,std_test_r2,mean_train_neg_MAE,std_train_neg_MAE,mean_test_neg_MAE,std_test_neg_MAE,mean_train_neg_RMSE,std_train_neg_RMSE,mean_test_neg_RMSE,std_test_neg_RMSE,params,mean_fit_time,mean_score_time,elem_prop,mat_prop
RandomForestRegressor,0.8142812872352557,0.026112726531217517,-0.1821201203202263,0.29099930978098715,-0.28380145904407006,0.0660690633919655,-0.6970281009417506,0.13875002541765405,-1.1725307844972679,0.32197561210873693,-2.53321258348446,1.137330498165927,"{'max_features': 0.1, 'n_estimators': 512}",19.440894603729248,0.0688161055246989,mat2vec,dielectric
