estimator,mean_train_r2,std_train_r2,mean_test_r2,std_test_r2,mean_train_neg_MAE,std_train_neg_MAE,mean_test_neg_MAE,std_test_neg_MAE,mean_train_neg_RMSE,std_train_neg_RMSE,mean_test_neg_RMSE,std_test_neg_RMSE,params,mean_fit_time,mean_score_time,elem_prop,mat_prop
RandomForestRegressor,0.9223357988494879,0.004408263071421107,0.5301342540379027,0.012710314021462997,-0.3174626880160049,0.0064330603602644485,-0.7927225258920089,0.013730645513374473,-0.4457049282243368,0.011694277204070992,-1.095923368571455,0.01843038257230817,"{'max_features': 0.33, 'n_estimators': 512}",54.18145744005839,0.05950744946797689,mat2vec,mp_gap
