estimator,mean_train_r2,std_train_r2,mean_test_r2,std_test_r2,mean_train_neg_MAE,std_train_neg_MAE,mean_test_neg_MAE,std_test_neg_MAE,mean_train_neg_RMSE,std_train_neg_RMSE,mean_test_neg_RMSE,std_test_neg_RMSE,params,mean_fit_time,mean_score_time,elem_prop,mat_prop
RandomForestRegressor,0.9235017738021144,0.002296038469309334,0.5671010104783083,0.007654733992735438,-0.09066156322704488,0.0011240374681654524,-0.2353204138604407,0.0026088398917966807,-0.13810228178506875,0.0019969678488149433,-0.32840916948826687,0.002747859905129994,"{'max_features': 0.33, 'n_estimators': 32}",2.6279911200205484,0.006981452306111653,mat2vec,expt_is_metal
