estimator,mean_train_r2,std_train_r2,mean_test_r2,std_test_r2,mean_train_neg_MAE,std_train_neg_MAE,mean_test_neg_MAE,std_test_neg_MAE,mean_train_neg_RMSE,std_train_neg_RMSE,mean_test_neg_RMSE,std_test_neg_RMSE,params,mean_fit_time,mean_score_time,elem_prop,mat_prop
RandomForestRegressor,0.8259681055518996,0.02734777123273795,0.02433899297342686,0.021948472222821164,-28.081157054987937,5.833206809240393,-67.81617556676734,12.729297931771695,-60.33310080048913,13.913638636656417,-134.5294677954881,45.50996086866014,"{'max_features': 0.1, 'n_estimators': 128}",1.0053106943766277,0.010970751444498697,mat2vec,jdft2d
