estimator,mean_train_r2,std_train_r2,mean_test_r2,std_test_r2,mean_train_neg_MAE,std_train_neg_MAE,mean_test_neg_MAE,std_test_neg_MAE,mean_train_neg_RMSE,std_train_neg_RMSE,mean_test_neg_RMSE,std_test_neg_RMSE,params,mean_fit_time,mean_score_time,elem_prop,mat_prop
RandomForestRegressor,0.9524919559688442,0.001654647831357367,0.6663113297303295,0.026768174701068015,-1.178925661608308,0.023783294884457986,-3.148634056427755,0.20336313521887378,-1.685572108980758,0.03283637016830798,-4.465865317447116,0.4745273442381243,"{'max_features': 0.33, 'n_estimators': 256}",20.038548549016316,0.03457419077555338,mat2vec,OQMD_Volume_per_atom
