estimator,mean_train_r2,std_train_r2,mean_test_r2,std_test_r2,mean_train_neg_MAE,std_train_neg_MAE,mean_test_neg_MAE,std_test_neg_MAE,mean_train_neg_RMSE,std_train_neg_RMSE,mean_test_neg_RMSE,std_test_neg_RMSE,params,mean_fit_time,mean_score_time,elem_prop,mat_prop
RandomForestRegressor,0.8491308181062301,0.0017233325825603489,0.05638795221350801,0.01621708143573506,-0.044017128010175745,0.0011651915447098821,-0.11278860498183037,0.0030765229758848945,-0.08234693760812616,0.0009308561919715401,-0.20592852622159485,0.005510772892158581,"{'max_features': 0.1, 'n_estimators': 512}",38.435053745905556,0.08111635843912761,mat2vec,CritExam__Ed
