estimator,mean_train_r2,std_train_r2,mean_test_r2,std_test_r2,mean_train_neg_MAE,std_train_neg_MAE,mean_test_neg_MAE,std_test_neg_MAE,mean_train_neg_RMSE,std_train_neg_RMSE,mean_test_neg_RMSE,std_test_neg_RMSE,params,mean_fit_time,mean_score_time,elem_prop,mat_prop
RandomForestRegressor,0.9669138714671919,0.00010881228570008838,0.7582431031318106,0.00248157582084213,-0.042921019481455595,0.0006511047340819615,-0.11467671339603988,0.004412958124452214,-0.06811814240741644,0.0004880699507633923,-0.1841408103864832,0.002567146462102432,"{'max_depth': None, 'n_estimators': 500}",11.012141227722168,0.0663231611251831,magpie,elasticity_log10(K_VRH)
