estimator,mean_train_r2,std_train_r2,mean_test_r2,std_test_r2,mean_train_neg_MAE,std_train_neg_MAE,mean_test_neg_MAE,std_test_neg_MAE,mean_train_neg_RMSE,std_train_neg_RMSE,mean_test_neg_RMSE,std_test_neg_RMSE,params,mean_fit_time,mean_score_time,elem_prop,mat_prop
RandomForestRegressor,0.8099940917827886,0.01393990941774206,0.46113151502758454,0.043187907996851675,-2.1690518613985903,0.06104898683585714,-4.433363421117839,0.19698230627794103,-5.2768076655907,0.14593459719917468,-8.878975243003083,0.22379538076454647,"{'max_features': 0.1, 'n_estimators': 512}",56.9175283908844,0.09208718935648601,mat2vec,mp_mu_b
