estimator,mean_train_r2,std_train_r2,mean_test_r2,std_test_r2,mean_train_neg_MAE,std_train_neg_MAE,mean_test_neg_MAE,std_test_neg_MAE,mean_train_neg_RMSE,std_train_neg_RMSE,mean_test_neg_RMSE,std_test_neg_RMSE,params,mean_fit_time,mean_score_time,elem_prop,mat_prop
RandomForestRegressor,0.9635641648492559,0.00011443055203697039,0.707329709554253,0.0021360323582648166,-0.04950713201402631,0.001439204742853445,-0.13878905114812765,0.004423146307581449,-0.06872580308262263,0.0020204316488870097,-0.1947508383032458,0.004709584870871475,"{'max_depth': None, 'n_estimators': 500}",11.763018250465393,0.07629716396331787,magpie,elasticity_log10(G_VRH)
