estimator,mean_train_r2,std_train_r2,mean_test_r2,std_test_r2,mean_train_neg_MAE,std_train_neg_MAE,mean_test_neg_MAE,std_test_neg_MAE,mean_train_neg_RMSE,std_train_neg_RMSE,mean_test_neg_RMSE,std_test_neg_RMSE,params,mean_fit_time,mean_score_time,elem_prop,mat_prop
RandomForestRegressor,0.9815307117354231,0.004725412045839261,0.8465683575601017,0.009620754016398947,-30.715519231876893,1.5394927197123174,-94.00467549475223,2.5025405236253206,-64.33743664642496,6.699801199440472,-187.39454386318658,0.9509684082637619,"{'max_depth': None, 'n_estimators': 500}",3.818792700767517,0.03890955448150635,magpie,phonons
