estimator,mean_train_r2,std_train_r2,mean_test_r2,std_test_r2,mean_train_neg_MAE,std_train_neg_MAE,mean_test_neg_MAE,std_test_neg_MAE,mean_train_neg_RMSE,std_train_neg_RMSE,mean_test_neg_RMSE,std_test_neg_RMSE,params,mean_fit_time,mean_score_time,elem_prop,mat_prop
RandomForestRegressor,0.9457631391491589,0.0031631003186546143,0.6409453490132432,0.015034772509597073,-0.26523412529696855,0.00024023561896567867,-0.685547035186382,0.014983412110552312,-0.4109770540492424,0.013838279683391559,-1.0576763311765671,0.0716472076098908,"{'max_features': 0.25, 'n_estimators': 128}",9.488070249557495,0.01761937141418457,mat2vec,aflow__Egap
