estimator,mean_train_r2,std_train_r2,mean_test_r2,std_test_r2,mean_train_neg_MAE,std_train_neg_MAE,mean_test_neg_MAE,std_test_neg_MAE,mean_train_neg_RMSE,std_train_neg_RMSE,mean_test_neg_RMSE,std_test_neg_RMSE,params,mean_fit_time,mean_score_time,elem_prop,mat_prop
RandomForestRegressor,0.8904834239152116,0.006804751420971682,0.3745456075298164,0.020444449774655992,-0.1816860878018057,0.0032489482702471985,-0.45471590729683253,0.012661592078501751,-0.25290997931876286,0.00874249081266914,-0.6045981731190028,0.01620996404425634,"{'max_features': 0.33, 'n_estimators': 512}",42.99530943234762,0.06467596689860027,mat2vec,castelli
