estimator,mean_train_r2,std_train_r2,mean_test_r2,std_test_r2,mean_train_neg_MAE,std_train_neg_MAE,mean_test_neg_MAE,std_test_neg_MAE,mean_train_neg_RMSE,std_train_neg_RMSE,mean_test_neg_RMSE,std_test_neg_RMSE,params,mean_fit_time,mean_score_time,elem_prop,mat_prop
RandomForestRegressor,0.9278790194556267,0.0014295483762174197,0.5702654931342105,0.009251989261435608,-0.07038594112485956,0.0014883940743263733,-0.1775015483801632,0.009066716484915579,-0.09824841879057268,0.0020824124670762627,-0.23967364784806652,0.008554669359880168,"{'max_features': 0.25, 'n_estimators': 512}",31.744160095850628,0.08643563588460286,mat2vec,elasticity_log10(G_VRH)
