estimator,mean_train_r2,std_train_r2,mean_test_r2,std_test_r2,mean_train_neg_MAE,std_train_neg_MAE,mean_test_neg_MAE,std_test_neg_MAE,mean_train_neg_RMSE,std_train_neg_RMSE,mean_test_neg_RMSE,std_test_neg_RMSE,params,mean_fit_time,mean_score_time,elem_prop,mat_prop
RandomForestRegressor,0.9720402987854304,0.015210380615946373,0.7955340260351943,0.07438119920284436,-0.18792892672541114,0.015427414936245942,-0.5052287705333818,0.00902854011457313,-0.3415505188296844,0.11555453878711265,-0.9418128588963701,0.2199238530728922,"{'max_depth': None, 'n_estimators': 500}",10.583741068840027,0.06632232666015625,magpie,OQMD_Energy_per_atom
