estimator,mean_train_r2,std_train_r2,mean_test_r2,std_test_r2,mean_train_neg_MAE,std_train_neg_MAE,mean_test_neg_MAE,std_test_neg_MAE,mean_train_neg_RMSE,std_train_neg_RMSE,mean_test_neg_RMSE,std_test_neg_RMSE,params,mean_fit_time,mean_score_time,elem_prop,mat_prop
RandomForestRegressor,0.9874443089739386,0.0007078002620598545,0.9129730589688347,0.01670032899809748,-0.08435139512680492,0.0034027835735598103,-0.2223554118265758,0.01863377912200488,-0.12160232818313674,0.005382688653589013,-0.31913365769740165,0.035982167685546934,"{'max_depth': None, 'n_estimators': 500}",10.529294610023499,0.06833100318908691,magpie,CritExam__Ef
