estimator,mean_train_r2,std_train_r2,mean_test_r2,std_test_r2,mean_train_neg_MAE,std_train_neg_MAE,mean_test_neg_MAE,std_test_neg_MAE,mean_train_neg_RMSE,std_train_neg_RMSE,mean_test_neg_RMSE,std_test_neg_RMSE,params,mean_fit_time,mean_score_time,elem_prop,mat_prop
RandomForestRegressor,0.9180008800644834,0.007398669909987221,0.4119727735190111,0.038771216673289255,-1.5579428309527694,0.11420941869085999,-4.180296531181275,0.10015453767405802,-3.2613940172317477,0.4276195795405655,-8.728665261891642,1.0394509878260325,"{'max_depth': None, 'n_estimators': 500}",17.61152946949005,0.07579696178436279,magpie,mp_mu_b
