estimator,mean_train_r2,std_train_r2,mean_test_r2,std_test_r2,mean_train_neg_MAE,std_train_neg_MAE,mean_test_neg_MAE,std_test_neg_MAE,mean_train_neg_RMSE,std_train_neg_RMSE,mean_test_neg_RMSE,std_test_neg_RMSE,params,mean_fit_time,mean_score_time,elem_prop,mat_prop
RandomForestRegressor,0.9784693899918118,0.00021591615240268425,0.8345212561242585,3.9592769104424e-05,-0.0935936487874579,0.0013403975292039239,-0.24823733596244701,0.004054016973569052,-0.12512095674011342,0.0022009168832268083,-0.3469196120521814,0.007882770848871068,"{'max_depth': None, 'n_estimators': 500}",11.906133890151978,0.06831598281860352,magpie,OQMD_Formation_Enthalpy
