estimator,mean_train_r2,std_train_r2,mean_test_r2,std_test_r2,mean_train_neg_MAE,std_train_neg_MAE,mean_test_neg_MAE,std_test_neg_MAE,mean_train_neg_RMSE,std_train_neg_RMSE,mean_test_neg_RMSE,std_test_neg_RMSE,params,mean_fit_time,mean_score_time,elem_prop,mat_prop
RandomForestRegressor,0.9207567926842251,0.002419584729410451,0.41195563211444197,0.008627165990927721,-0.08305900000000001,0.0021609999999999963,-0.22903300000000001,0.0006369999999999987,-0.12496383513642823,0.0023456146306648842,-0.3404358209239045,0.003689150561746346,"{'max_depth': None, 'n_estimators': 500}",10.31640338897705,0.05437135696411133,magpie,glass
