estimator_name,fit_time,mae_train,mse_train,r2_train,mae_test,mse_test,r2_test,params,mat_prop,elem_prop,cv
RandomForestRegressor,68.3294324874878,5.897989039431729,116.68525763802707,0.9781406396589383,14.357548749381882,486.6958680478439,0.9097784966335107,"{'max_depth': None, 'n_estimators': 500}",mp_bulk_modulus,magpie,NaN
RandomForestRegressor,1581.3168003559113,0.04616722257601517,0.015250834129055021,0.936472310199411,0.12573450360727786,0.11399612595773749,0.4978403217511578,"{'max_depth': None, 'n_estimators': 500}",mp_e_hull,magpie,NaN
RandomForestRegressor,193.85842728614807,3.330857274187879,353.30188412591804,0.8452038486030844,11.690869473996699,3543.4578277894493,-0.18766767146235286,"{'max_depth': None, 'n_estimators': 500}",mp_elastic_anisotropy,magpie,NaN
RandomForestRegressor,1432.4352717399597,0.989892236782388,7.500877988032442,0.9503184280014032,2.731953759537656,58.027270730085704,0.624823299167859,"{'max_depth': None, 'n_estimators': 500}",mp_mu_b,magpie,NaN
RandomForestRegressor,76.58255290985107,4.519937008894542,58.928668908102885,0.9649685716717941,12.776971858904993,473.2496774916915,0.7228335011240121,"{'max_depth': None, 'n_estimators': 500}",mp_shear_modulus,magpie,NaN
RandomForestRegressor,8032.430696964264,0.022303875942775667,0.010059219881156062,0.9778960975419889,0.06006096854143085,0.07164845355296225,0.853253717591519,"{'max_depth': None, 'n_estimators': 500}",OQMD_Bandgap,magpie,NaN
RandomForestRegressor,6197.681330442429,0.054178028773503625,0.051431771390831826,0.9873498356738913,0.141052786427839,0.07251575732103127,0.9807025370111757,"{'max_depth': None, 'n_estimators': 500}",OQMD_Energy_per_atom,magpie,NaN
RandomForestRegressor,6977.766977071762,0.03285234418468588,0.043913416132187744,0.9583741816542969,0.08340752701771197,0.035372566075761565,0.9533329329524356,"{'max_depth': None, 'n_estimators': 500}",OQMD_Formation_Enthalpy,magpie,NaN
RandomForestRegressor,6472.264822244644,0.20119640646910786,0.16558664423348507,0.9973783317387385,0.5442527040222418,1.2255280537508917,0.9807335895035701,"{'max_depth': None, 'n_estimators': 500}",OQMD_Volume_per_atom,magpie,NaN
