epoch,train loss,val loss,swa
0.0,28.179831590390368,28.774018835988628,n
19.0,9.258681985487321,11.76138589405128,y
39.0,6.4002051621701845,10.641008726012428,y
