epoch,train loss,val loss,swa
0.0,28.18116249138368,28.775897089028128,n
19.0,9.2210039991107,11.629945282759005,y
39.0,6.2946470440611035,10.733885275776482,y
