epoch,train loss,val loss,swa
0.0,57.90033554212508,56.6265956366919,n
19.0,17.121404886920903,17.86410150814006,y
39.0,10.731264047537339,14.064970739737122,y
59.0,7.171385699853564,12.79143266943746,y
79.0,5.341127924806779,12.694977663725174,y
99.0,4.2193274597642,12.969298358132422,y
119.0,3.5735388868633957,12.941365964253912,y
139.0,3.1320892128136344,13.345755039826509,y
