epoch,train loss,val loss,swa
0.0,5.818004622725315,6.658029658788864,n
19.0,5.4413822159102985,6.287235985645088,y
39.0,4.7791643365887175,6.2161330684206515,y
59.0,4.390795216516299,6.420538911614875,y
79.0,4.090189479594221,6.416692483158414,y
99.0,3.857581635930621,6.384764594020622,y
