epoch,train loss,val loss,swa
0.0,29.620195506846436,32.13177791789929,n
19.0,10.448606167332773,15.092608918407546,y
39.0,7.176695499980086,13.832159176784726,y
59.0,5.318181594626817,13.510116789802428,y
79.0,4.166941145263937,13.500408937139994,y
99.0,3.343573149993248,13.510044393066986,y
119.0,2.754073411971748,13.550983488559723,y
139.0,2.4114360376587607,13.675461020942107,y
159.0,2.0798301393126555,13.72962833774804,y
179.0,1.8970290037358026,13.78181813658657,y
